,Agency Name,Agency Logo,Agency Type
0,Lina Homes,https://d2vho998xd1yud.cloudfront.net/user-logo-svg/lina-home-real-estate.svg,Estate Agency
1,Ian Smith Estate Agency,https://d2vho998xd1yud.cloudfront.net/user-logo-svg/ian-smith-estate-agency.svg,Estate Agency
2,Buy & Sell,https://d2vho998xd1yud.cloudfront.net/user_logo/agent-logo/3045.png,Estate Agency
3,Tüfekçi Emlak,https://d2vho998xd1yud.cloudfront.net/user_logo/agent-logo/tufekci.jpg,Estate Agency
4,BD INVESTMENT,,Estate Agency
5,Kurtbir Estate,https://d2vho998xd1yud.cloudfront.net/user-logo-svg/27897-logo-20220314112458.svg,Estate Agency
6,Zella Real Estate,https://d2vho998xd1yud.cloudfront.net/user-logo-svg/12639-logo-20210707144053.svg,Estate Agency
7,Lanes Emlak,https://d2vho998xd1yud.cloudfront.net/user-logo-svg/lanes-emlak.svg,Estate Agency
8,Pear Estates,https://d2vho998xd1yud.cloudfront.net/user_logo/agent-logo/17855-logo-20210909133917.png,Estate Agency
9,GARENTO REAL ESTATE,https://d2vho998xd1yud.cloudfront.net/user_logo/agent-logo/2918-logo-20180710153808.jpeg,Estate Agency
10,PrimeKey Estate,https://d2vho998xd1yud.cloudfront.net/user-logo-svg/primekey-estate-agency.svg,Estate Agency
11,North Cyprus Estate Agents,https://d2vho998xd1yud.cloudfront.net/user-logo-svg/ncea-estate-agents.svg,Estate Agency
12,Golden Olive Estate,https://d2vho998xd1yud.cloudfront.net/user-logo-svg/golden-olive-estate.svg,Estate Agency
13,North Cove Property,https://d2vho998xd1yud.cloudfront.net/user-logo-svg/4272-logo-20210728162800.svg,Estate Agency
14,Envoy Emlak,https://d2vho998xd1yud.cloudfront.net/user-logo-svg/7043-logo-20211122100439.svg,Estate Agency
15,Ashrafi Estate,https://d2vho998xd1yud.cloudfront.net/user-logo-svg/ashrafi-estate.svg,Estate Agency
16,COLDWELL BANKER MAXIMUM GİRNE,https://d2vho998xd1yud.cloudfront.net/user-logo-svg/coldwell-banker-maximum.svg,Estate Agency
17,Luxury in the Sun Ltd,https://d2vho998xd1yud.cloudfront.net/user-logo-svg/luxury-in-the-sun.svg,Estate Agency
18,Cihanara Tourism & Investment LTD,https://d2vho998xd1yud.cloudfront.net/user-logo-svg/9469-logo-20211009125904.svg,Estate Agency
19,Stock Cyprus,https://d2vho998xd1yud.cloudfront.net/user-logo-svg/stock-cyprus.svg,Estate Agency
20,Arzum Emlak,https://d2vho998xd1yud.cloudfront.net/user-logo-svg/arzum-emlak.svg,Estate Agency
21,Evernest Property,https://d2vho998xd1yud.cloudfront.net/user-logo-svg/15904-logo-20211011145201.svg,Estate Agency
22,Opulent Trading Ltd.,https://d2vho998xd1yud.cloudfront.net/user-logo-svg/opulent-trading.svg,Estate Agency
23,NAYA REAL ESTATE-İNVESTMENT,https://d2vho998xd1yud.cloudfront.net/user_logo/agent-logo/8941-logo-20210117151137.jpeg,Estate Agency
24,Quantum Realty,https://d2vho998xd1yud.cloudfront.net/user-logo-svg/quantum-realty.svg,Estate Agency
25,Unwin Estates,https://d2vho998xd1yud.cloudfront.net/user-logo-svg/15500-logo-20210630231133.svg,Estate Agency
26,Muzo Emlak,https://d2vho998xd1yud.cloudfront.net/user-logo-svg/1233-logo-20211013170507.svg,Estate Agency
27,Envision Estates,https://d2vho998xd1yud.cloudfront.net/user-logo-svg/envision-estates-management.svg,Estate Agency
28,Property Stop North Cyprus,https://d2vho998xd1yud.cloudfront.net/user-logo-svg/2886-logo-20211201151713.svg,Estate Agency
29,CROWN ESTATE & PROPERTY,https://d2vho998xd1yud.cloudfront.net/user-logo-svg/crown-estate.svg,Estate Agency
30,ADA BORAY EMLAK & SİGORTA DANIŞMANLIĞI,https://d2vho998xd1yud.cloudfront.net/user-logo-svg/17956-logo-20220119112013.svg,Estate Agency
31,Batı Estate Agents,https://d2vho998xd1yud.cloudfront.net/user-logo-svg/2710-logo-20210629111431.svg,Estate Agency
32,Karpaz Real Estate,https://d2vho998xd1yud.cloudfront.net/user-logo-svg/14728-logo-20210827163522.svg,Estate Agency
33,Greenearth Estate,https://d2vho998xd1yud.cloudfront.net/user_logo/agent-logo/10762-logo-20200615093933.jpeg,Estate Agency
34,HUB Property Investment,https://d2vho998xd1yud.cloudfront.net/user-logo-svg/676-logo-20211013122110.svg,Estate Agency
35,Goldmark Estates,https://d2vho998xd1yud.cloudfront.net/user-logo-svg/3581-logo-20211011150840.svg,Estate Agency
36,PeraCityEmlak,,Estate Agency
37,EKSPA PROPERTY,https://d2vho998xd1yud.cloudfront.net/user-logo-svg/ekspa-estate.svg,Estate Agency
38,RODEL INVESTMENT,https://d2vho998xd1yud.cloudfront.net/user-logo-svg/5746-logo-20211217153244.svg,Estate Agency
39,TGM TREND GAYRİMENKUL YATIRIM,https://d2vho998xd1yud.cloudfront.net/user_logo/agent-logo/trend-logo.jpg,Estate Agency
40,Viopa Gayrimenkul Danışmanlığı,https://d2vho998xd1yud.cloudfront.net/user-logo-svg/17339-logo-20210827141929.svg,Estate Agency
41,Beydola Emlak - Estate Agent,https://d2vho998xd1yud.cloudfront.net/user-logo-svg/beydola-estates.svg,Estate Agency
42,KEYLAND ESTATE EMLAK,https://d2vho998xd1yud.cloudfront.net/user-logo-svg/keyland-estate.svg,Estate Agency
43,Serap Yücetürk,https://d2vho998xd1yud.cloudfront.net/user_logo/agent-logo/8413-logo-20180705122908.jpeg,Estate Agency
44,Zeki Basri Emlak,https://d2vho998xd1yud.cloudfront.net/user-logo-svg/15561-logo-20210623143312.svg,Estate Agency
45,PERRE REAL ESTATE AGENT,https://d2vho998xd1yud.cloudfront.net/user-logo-svg/9366-logo-20211013114412.svg,Estate Agency
46,ECM Gayrimenkul Danışmanlık,https://d2vho998xd1yud.cloudfront.net/user-logo-svg/18631-logo-20211208121705.svg,Estate Agency
47,EMLAK  EMLAK-ESTATE ESTATE,https://d2vho998xd1yud.cloudfront.net/user_logo/agent-logo/estate-estate.jpg,Estate Agency
48,Hançerli Emlak,https://d2vho998xd1yud.cloudfront.net/user-logo-svg/hancerli-emlak.svg,Estate Agency
49,Cyprus Land Estate,https://d2vho998xd1yud.cloudfront.net/user-logo-svg/27395-logo-20220216143007.svg,Estate Agency
50,APHRODITE BROTHERS ESTATE  & RESTORATION,https://d2vho998xd1yud.cloudfront.net/user_logo/agent-logo/aphrodite-logo-small.jpg,Estate Agency
51,Elif Ağazade,https://d2vho998xd1yud.cloudfront.net/user-logo-svg/13326-logo-20211011165305.svg,Estate Agency
52,Kıbrıs Emlak Sitesi,https://d2vho998xd1yud.cloudfront.net/user-logo-svg/kibris-emlak-sitesi.svg,Estate Agency
53,Monolith Estate,https://d2vho998xd1yud.cloudfront.net/user-logo-svg/monolith-estate.svg,Estate Agency
54,WOTMAX ESTATE,https://d2vho998xd1yud.cloudfront.net/user-logo-svg/wotmax-estate.svg,Estate Agency
55,GÖKEN EMLAK,https://d2vho998xd1yud.cloudfront.net/user_logo/agent-logo/goken-emlak.png,Estate Agency
56,Kumsal Emlak,https://d2vho998xd1yud.cloudfront.net/user-logo-svg/kumsal-emlak.svg,Estate Agency
57,Time Gayrimenkul,https://d2vho998xd1yud.cloudfront.net/user-logo-svg/time-gayrimenkul.svg,Estate Agency
58,Phenom Properties & Estate Ltd.,https://d2vho998xd1yud.cloudfront.net/user_logo/agent-logo/7157-logo-20180405110250.png,Estate Agency
59,BESTATE PROPERTY,https://d2vho998xd1yud.cloudfront.net/user-logo-svg/bestate-properties.svg,Estate Agency
60,Fersun Köksoy Yatırım ve Gayrimenkul Danışmanlığı,https://d2vho998xd1yud.cloudfront.net/user_logo/agent-logo/8311-logo-20200516145414.jpeg,Estate Agency
61,New England Estate,https://d2vho998xd1yud.cloudfront.net/user_logo/agent-logo/12656-logo-20200701162913.jpeg,Estate Agency
62,Eser Cengiz Real Estate,https://d2vho998xd1yud.cloudfront.net/user-logo-svg/584-logo-20211007110953.svg,Estate Agency
63,M.Y.Y EMLAK ESTATE,https://d2vho998xd1yud.cloudfront.net/user_logo/agent-logo/13451-logo-20210326123849.png,Estate Agency
64,V and M Properties,https://d2vho998xd1yud.cloudfront.net/user_logo/agent-logo/17088-logo-20210721170139.jpeg,Estate Agency
65,Harun Doktoroğlu,https://d2vho998xd1yud.cloudfront.net/user-logo-svg/doctor-house-real-estate.svg,Estate Agency
66,CARIA ESTATES,https://d2vho998xd1yud.cloudfront.net/user-logo-svg/12504-logo-20211013162953.svg,Estate Agency
67,C & C Real Estate,https://d2vho998xd1yud.cloudfront.net/user-logo-svg/c-c-real-estate.svg,Estate Agency
68,King Real Estates,https://d2vho998xd1yud.cloudfront.net/user-logo-svg/5239-logo-20211013112941.svg,Estate Agency
69,DIAMOND ESTATE,https://d2vho998xd1yud.cloudfront.net/user-logo-svg/diamond-estate.svg,Estate Agency
70,Gürkan Emlak,https://d2vho998xd1yud.cloudfront.net/user-logo-svg/gurkan-emlak.svg,Estate Agency
71,HOME & BUSİNESS Real Estate since 2001,https://d2vho998xd1yud.cloudfront.net/user-logo-svg/hb-home-business.svg,Estate Agency
72,ALCONS CONSTRUCTION LTD,https://d2vho998xd1yud.cloudfront.net/user-logo-svg/19032-logo-20211217113021.svg,Estate Agency
73,BLUE LIFE REAL ESTATE,https://d2vho998xd1yud.cloudfront.net/user-logo-svg/blue-life-real-estate.svg,Estate Agency
74,Nermin Olgunsoy,https://d2vho998xd1yud.cloudfront.net/user-logo-svg/374-logo-20211011160334.svg,Estate Agency
75,Tüm Evler,https://d2vho998xd1yud.cloudfront.net/user_logo/agent-logo/5989-logo-20210819150626.jpeg,Estate Agency
76,Pastırmacı İnşaat,https://d2vho998xd1yud.cloudfront.net/user-logo-svg/18204-logo-20211007152551.svg,Estate Agency
77,SERTAN MUHTAROĞLU,https://d2vho998xd1yud.cloudfront.net/user-logo-svg/2414-logo-20211011164332.svg,Estate Agency
78,PRIME BROKERS,https://d2vho998xd1yud.cloudfront.net/user-logo-svg/18509-logo-20211208104901.svg,Estate Agency
79,BELİZ ESTATE,https://d2vho998xd1yud.cloudfront.net/user-logo-svg/beliz-real-estate.svg,Estate Agency
80,Eser Emlak ,https://d2vho998xd1yud.cloudfront.net/user-logo-svg/eser-emlak.svg,Estate Agency
81,Luxury Life Real Estate LTD,https://d2vho998xd1yud.cloudfront.net/user_logo/agent-logo/16589-logo-20210602170952.jpeg,Estate Agency
82,Magna Global Properties,https://d2vho998xd1yud.cloudfront.net/user_logo/agent-logo/Magna.jpg,Estate Agency
83,Priva Estate,https://d2vho998xd1yud.cloudfront.net/user-logo-svg/priva-real-estate.svg,Estate Agency
84,Turan Construction,https://d2vho998xd1yud.cloudfront.net/user-logo-svg/turan-construction.svg,Estate Agency
85,Busy Bees Emlak Acentesi,https://d2vho998xd1yud.cloudfront.net/user-logo-svg/busy-bees-estate-agents.svg,Estate Agency
86,NCyprus Investments By Ammar Huneidi Inv,https://d2vho998xd1yud.cloudfront.net/user_logo/agent-logo/10703-logo-20220122000558.jpeg,Estate Agency
87,Blanco Investment,https://d2vho998xd1yud.cloudfront.net/user_logo/agent-logo/14204-logo-20201204133839.jpeg,Estate Agency
88,BORAY Estate Agency Ltd.,https://d2vho998xd1yud.cloudfront.net/user-logo-svg/boray-estates.svg,Estate Agency
89,TRIOTIME REAL ESTATE,https://d2vho998xd1yud.cloudfront.net/user-logo-svg/triotime-real-estate.svg,Estate Agency
90,N1 real Estates,https://d2vho998xd1yud.cloudfront.net/user_logo/agent-logo/9043-logo-20181012102119.jpeg,Estate Agency
91,TT Home Cyprus,https://d2vho998xd1yud.cloudfront.net/user_logo/agent-logo/15925-logo-20210402132655.png,Estate Agency
92,HOMECITY ESTATE,https://d2vho998xd1yud.cloudfront.net/user_logo/agent-logo/11314-logo-20210609114755.jpeg,Estate Agency
93,BASPINAR ESTATES SERVICES,https://d2vho998xd1yud.cloudfront.net/user-logo-svg/16383-logo-20211014151003.svg,Estate Agency
94,Explore Estates,https://d2vho998xd1yud.cloudfront.net/user-logo-svg/9825-logo-20210817170025.svg,Estate Agency
95,Leverage Investments Ltd.,https://d2vho998xd1yud.cloudfront.net/user_logo/agent-logo/leverage.jpg,Estate Agency
96,CYPRUS REALTY ESTATE LTD,https://d2vho998xd1yud.cloudfront.net/user_logo/agent-logo/2478.jpeg,Estate Agency
97,Central Homes Real Estate,https://d2vho998xd1yud.cloudfront.net/user_logo/agent-logo/6859.png,Estate Agency
98,ESTATE POINT,https://d2vho998xd1yud.cloudfront.net/user_logo/agent-logo/9440-logo-20190409121123.jpeg,Estate Agency
99,EXEN INVEST,https://d2vho998xd1yud.cloudfront.net/user-logo-svg/27994-logo-20220315160453.svg,Estate Agency
100,Delmundo Investment&Estate,https://d2vho998xd1yud.cloudfront.net/user-logo-svg/9470-logo-20211013105849.svg,Estate Agency
101,Henry Charles Estates,https://d2vho998xd1yud.cloudfront.net/user-logo-svg/henry-charles-estates.svg,Estate Agency
102,IQ GLOBAL  REAL ESTATE,https://d2vho998xd1yud.cloudfront.net/user-logo-svg/iq-global.svg,Estate Agency
103,PRO & PER ESTATE AGENT,https://d2vho998xd1yud.cloudfront.net/user-logo-svg/pro-per-estates.svg,Estate Agency
104,Beyler and Co.,https://d2vho998xd1yud.cloudfront.net/user-logo-svg/beyler-and-co.svg,Estate Agency
105,Arty Homes,https://d2vho998xd1yud.cloudfront.net/user-logo-svg/10631-logo-20210630151608.svg,Estate Agency
106,SATAR ESTATES-SATAR EMLAK,https://d2vho998xd1yud.cloudfront.net/user-logo-svg/satar-emlak.svg,Estate Agency
107,VELES PROPERTY,https://d2vho998xd1yud.cloudfront.net/user-logo-svg/veles-property.svg,Estate Agency
108,Alfa Emlak,https://d2vho998xd1yud.cloudfront.net/user-logo-svg/alfa-emlak.svg,Estate Agency
109,LEDEX  EMLAK  LTD.,https://d2vho998xd1yud.cloudfront.net/user-logo-svg/10948-logo-20211012120700.svg,Estate Agency
110,AMG Investment,https://d2vho998xd1yud.cloudfront.net/user-logo-svg/amg-investment.svg,Estate Agency
111,Myra Properties,https://d2vho998xd1yud.cloudfront.net/user_logo/agent-logo/101-logo-20180313115838.jpeg,Estate Agency
112,CYPTUR,https://d2vho998xd1yud.cloudfront.net/user_logo/agent-logo/cyprus-yeni-logo.png,Estate Agency
113,Cyprusbooking Turizm ve Emlak Danışmanlığı,https://d2vho998xd1yud.cloudfront.net/user_logo/agent-logo/12457-logo-20200610142144.jpeg,Estate Agency
114,Bozz Estate,https://d2vho998xd1yud.cloudfront.net/user-logo-svg/17346-logo-20210819161846.svg,Estate Agency
115,Serra Akbulut,https://d2vho998xd1yud.cloudfront.net/user-logo-svg/15274-logo-20210701010102.svg,Estate Agency
116,Enersis Estates,https://d2vho998xd1yud.cloudfront.net/user-logo-svg/enersis-estates.svg,Estate Agency
117,Address Estate,https://d2vho998xd1yud.cloudfront.net/user-logo-svg/address-estate.svg,Estate Agency
118,SELECT ESTATES INTERNATIONAL,https://d2vho998xd1yud.cloudfront.net/user-logo-svg/1634-logo-20211130141504.svg,Estate Agency
119,ROYAL ESTATES,https://d2vho998xd1yud.cloudfront.net/user-logo-svg/royal-estates.svg,Estate Agency
120,DARIO REALTY,https://d2vho998xd1yud.cloudfront.net/user-logo-svg/dario-realty.svg,Estate Agency
121,RIGHT CHOICE PROPERTY,https://d2vho998xd1yud.cloudfront.net/user_logo/agent-logo/7439.jpeg,Estate Agency
122,DENİZ ESTATE/GROUP,https://d2vho998xd1yud.cloudfront.net/user-logo-svg/deniz-estate.svg,Estate Agency
123,Doğankent Construction & Estate Ltd.,https://d2vho998xd1yud.cloudfront.net/user-logo-svg/303-logo-20211015155815.svg,Estate Agency
124,Esquare Estate Agent,https://d2vho998xd1yud.cloudfront.net/user-logo-svg/esquare-estate.svg,Estate Agency
125,ONURLU ESTATE,https://d2vho998xd1yud.cloudfront.net/user_logo/agent-logo/14346-logo-20210330145826.png,Estate Agency
126, Emlak & Hukuk Danışmanlık & Noter,https://d2vho998xd1yud.cloudfront.net/user_logo/agent-logo/karsu-emlak.jpg,Estate Agency
127,EMLAK KIBRIS,https://d2vho998xd1yud.cloudfront.net/user-logo-svg/emlak-kibris.svg,Estate Agency
128,Business Island Emlak,https://d2vho998xd1yud.cloudfront.net/user-logo-svg/11979-logo-20220202124439.png,Estate Agency
129,REAL HOMES ESTATE AGENTS,https://d2vho998xd1yud.cloudfront.net/user_logo/agent-logo/real-homes.jpg,Estate Agency
130,Interchoice Properties,https://d2vho998xd1yud.cloudfront.net/user_logo/agent-logo/icp-logo.jpg,Estate Agency
131,Qural Estate,https://d2vho998xd1yud.cloudfront.net/user-logo-svg/qural-estate.svg,Estate Agency
132,Century 21 Island Lefkoşa,https://d2vho998xd1yud.cloudfront.net/user-logo-svg/15773-logo-20210622235256.svg,Estate Agency
133,ÖNGÜT EMLAK ,https://d2vho998xd1yud.cloudfront.net/user_logo/agent-logo/14099-logo-20210809160922.jpeg,Estate Agency
134,Memplus Construction,https://d2vho998xd1yud.cloudfront.net/user-logo-svg/mem-plus.svg,Estate Agency
135,LANDBASE investment,https://d2vho998xd1yud.cloudfront.net/user_logo/agent-logo/7780-logo-20180312114208.jpeg,Estate Agency
136,Blanco Emlak Commercial,https://d2vho998xd1yud.cloudfront.net/user-logo-svg/4299-logo-20220221144216.jpeg,Estate Agency
137,Cyprus Riviera Properties,https://d2vho998xd1yud.cloudfront.net/user-logo-svg/15081-logo-20210824164406.svg,Estate Agency
138,Ocean Group,https://d2vho998xd1yud.cloudfront.net/user-logo-svg/16991-logo-20211119163132.svg,Estate Agency
139,North Hills Estate,https://d2vho998xd1yud.cloudfront.net/user-logo-svg/north-hills-estate.svg,Estate Agency
140,"Landmax Emlak,Oto Galeri ve Mimarlık",https://d2vho998xd1yud.cloudfront.net/user-logo-svg/landmax-realty.svg,Estate Agency
141,BEKAY REAL ESTATE AGENCY,https://d2vho998xd1yud.cloudfront.net/user-logo-svg/bekay-real-estate.svg,Estate Agency
142,Homes Abroad Cyprus (Cyprus Real Estate Homes),https://d2vho998xd1yud.cloudfront.net/user_logo/agent-logo/9874-logo-20200918105708.jpeg,Estate Agency
143,Fraser Meridies Estates,https://d2vho998xd1yud.cloudfront.net/user-logo-svg/fraser-meridies.svg,Estate Agency
144,Owner's Agency,https://d2vho998xd1yud.cloudfront.net/user_logo/agent-logo/11165-logo-20211230142544.jpeg,Estate Agency
145,Goldman Estates,https://d2vho998xd1yud.cloudfront.net/user-logo-svg/19584-logo-20220303101500.jpeg,Estate Agency
146,YALKIN EMLAK LTD,https://d2vho998xd1yud.cloudfront.net/user-logo-svg/yalkin-estate.svg,Estate Agency
147,Winvest Estates,https://d2vho998xd1yud.cloudfront.net/user-logo-svg/winvest-estate.svg,Estate Agency
148,Develoco Real Estate Ltd.,https://d2vho998xd1yud.cloudfront.net/user-logo-svg/9426-logo-20210623173221.svg,Estate Agency
149,Cypromax Design Property & Investment Consultancy,https://d2vho998xd1yud.cloudfront.net/user-logo-svg/cypromax.svg,Estate Agency
150,H. Şakir LTD,https://d2vho998xd1yud.cloudfront.net/user_logo/agent-logo/3089-logo-20210503151912.png,Estate Agency
151,Prime Plus Estate,https://d2vho998xd1yud.cloudfront.net/user-logo-svg/prime-plus-estate.svg,Estate Agency
152,Elmas Anter Emlak,https://d2vho998xd1yud.cloudfront.net/user_logo/agent-logo/218-logo-20220114140940.jpeg,Estate Agency
153,MaxiMin Real Estate,https://d2vho998xd1yud.cloudfront.net/user-logo-svg/18424-logo-20211116113640.svg,Estate Agency
154,Emlak Extra,https://d2vho998xd1yud.cloudfront.net/user-logo-svg/emlak-extra.svg,Estate Agency
155,Sunisi Emlak,https://d2vho998xd1yud.cloudfront.net/user_logo/agent-logo/9489-logo-20191030101140.jpeg,Estate Agency
156,Templos Limited,https://d2vho998xd1yud.cloudfront.net/user-logo-svg/templos.svg,Estate Agency
157,Menteş Öztürk,,Estate Agency
158,İnce&Can Emlak,https://d2vho998xd1yud.cloudfront.net/user-logo-svg/ince-can-emlak.svg,Estate Agency
159,AnchorPoint Estate,https://d2vho998xd1yud.cloudfront.net/user-logo-svg/11154-logo-20210817154202.svg,Estate Agency
160,Erbatu Emlak ve İnşaat,https://d2vho998xd1yud.cloudfront.net/user_logo/agent-logo/erbatu.jpg,Estate Agency
161,YALKIN EMLAK YATIRIM DANIŞMANLIĞI,https://d2vho998xd1yud.cloudfront.net/user-logo-svg/yalkin-estate.svg,Estate Agency
162,Ahis Estate Agency,https://d2vho998xd1yud.cloudfront.net/user-logo-svg/ahis-emlak.svg,Estate Agency
163,Andromeda Property Agency,https://d2vho998xd1yud.cloudfront.net/user-logo-svg/18618-logo-20211214144530.svg,Estate Agency
164,N.K Luxury property,https://d2vho998xd1yud.cloudfront.net/user-logo-svg/17557-logo-20211101153942.svg,Estate Agency
165,İmza Estates,https://d2vho998xd1yud.cloudfront.net/user_logo/agent-logo/imza-estates.jpg,Estate Agency
166,GL ESTATES CYPRUS,https://d2vho998xd1yud.cloudfront.net/user-logo-svg/gl-estates-cyprus.svg,Estate Agency
167,Vusay Emlak,https://d2vho998xd1yud.cloudfront.net/user-logo-svg/129-logo-20211101110120.svg,Estate Agency
168,Çilek Emlak,https://d2vho998xd1yud.cloudfront.net/user_logo/agent-logo/12150-logo-20200504142542.jpeg,Estate Agency
169,Kıbrıs Ada Emlak,https://d2vho998xd1yud.cloudfront.net/user-logo-svg/kibris-ada-emlak.svg,Estate Agency
170,ADA ROTA LTD,https://d2vho998xd1yud.cloudfront.net/user-logo-svg/11283-logo-20211011163346.svg,Estate Agency
171,Top Gold Empire Estate,https://d2vho998xd1yud.cloudfront.net/user_logo/agent-logo/16411-logo-20220310154224.jpeg,Estate Agency
172,Ozan Emlak,https://d2vho998xd1yud.cloudfront.net/user_logo/agent-logo/7674-logo-20190625125515.jpeg,Estate Agency
173,LockOnCyprus,https://d2vho998xd1yud.cloudfront.net/user-logo-svg/lockon-cyprus.svg,Estate Agency
174,Emine Sürer,https://d2vho998xd1yud.cloudfront.net/user-logo-svg/16378-logo-20211011163756.svg,Estate Agency
175,Acorn Cyprus,https://d2vho998xd1yud.cloudfront.net/user-logo-svg/acorn-estate.svg,Estate Agency
176,Hazan Müzisyen,https://d2vho998xd1yud.cloudfront.net/user_logo/agent-logo/18251-logo-20211013121600.jpeg,Estate Agency
177,Ser-Soy Investment,https://d2vho998xd1yud.cloudfront.net/user-logo-svg/10327-logo-20211012103606.svg,Estate Agency
178,ÖZKARAMAN INVESTMENT -KIBRIS EMLAK,https://d2vho998xd1yud.cloudfront.net/user-logo-svg/ozkaraman-investment.svg,Estate Agency
179,FSI444 ( Four Seasons Investments ),https://d2vho998xd1yud.cloudfront.net/user_logo/agent-logo/FSI.jpg,Estate Agency
180,Panorama Estate,https://d2vho998xd1yud.cloudfront.net/user-logo-svg/16359-logo-20210908123327.svg,Estate Agency
181,Devidas Estates,https://d2vho998xd1yud.cloudfront.net/user-logo-svg/devidas-estates.svg,Estate Agency
182,A. Ünal Estate,https://d2vho998xd1yud.cloudfront.net/user-logo-svg/13157-logo-20210625151220.svg,Estate Agency
183,Karibu Estates,https://d2vho998xd1yud.cloudfront.net/user-logo-svg/karibu-estates.svg,Estate Agency
184,Velocity Estate,https://d2vho998xd1yud.cloudfront.net/user_logo/agent-logo/velocity-estate.gif,Estate Agency
185,SBG YATIRIM DANIŞMANLIK LTD,https://d2vho998xd1yud.cloudfront.net/user_logo/agent-logo/11607-logo-20200116115559.jpeg,Estate Agency
186,AZANT REAL ESTATES,https://d2vho998xd1yud.cloudfront.net/user-logo-svg/azant-estates.svg,Estate Agency
187,Nohara Estates North Cyprus,https://d2vho998xd1yud.cloudfront.net/user-logo-svg/nohara-estates.svg,Estate Agency
188,ED Plus Estate,https://d2vho998xd1yud.cloudfront.net/user-logo-svg/9944-logo-20210623105728.svg,Estate Agency
189,Century 21 Island Rentals,https://d2vho998xd1yud.cloudfront.net/user-logo-svg/17276-logo-20210810114101.svg,Estate Agency
190,Avertiss Exclusive Real Estate,https://d2vho998xd1yud.cloudfront.net/user-logo-svg/avertiss.svg,Estate Agency
191,Arif Ozankaya Estate,https://d2vho998xd1yud.cloudfront.net/user-logo-svg/17035-logo-20210831103212.svg,Estate Agency
192,Kuralay Estates,https://d2vho998xd1yud.cloudfront.net/user-logo-svg/kuralay-estates.svg,Estate Agency
193,Batu Emlak,https://d2vho998xd1yud.cloudfront.net/user-logo-svg/12226-logo-20211015165657.svg,Estate Agency
194,Plan B Estate,https://d2vho998xd1yud.cloudfront.net/user-logo-svg/18525-logo-20211109105001.svg,Estate Agency
195,EVAL EMLAK,https://d2vho998xd1yud.cloudfront.net/user-logo-svg/17853-logo-20220214144045.jpeg,Estate Agency
196,Coldwell Banker Novest,https://d2vho998xd1yud.cloudfront.net/user-logo-svg/coldwell-banker-novest.svg,Estate Agency
197,Cyprus Loft Estate,https://d2vho998xd1yud.cloudfront.net/user_logo/agent-logo/8229-logo-20220113195011.png,Estate Agency
198,ÇAKICI EMLAK,https://d2vho998xd1yud.cloudfront.net/user-logo-svg/cakici-emlak.svg,Estate Agency
199,METRO EMLAK,https://d2vho998xd1yud.cloudfront.net/user-logo-svg/metro-emlak.svg,Estate Agency
200,Boran Emlak,https://d2vho998xd1yud.cloudfront.net/user-logo-svg/28018-logo-20220315162257.svg,Estate Agency
201,NETKAL EMLAK,https://d2vho998xd1yud.cloudfront.net/user-logo-svg/17365-logo-20210831115343.svg,Estate Agency
202,Alper Aktaş,https://d2vho998xd1yud.cloudfront.net/user_logo/agent-logo/12977-logo-20200724170646.jpeg,Estate Agency
203,Status Inex Estate,https://d2vho998xd1yud.cloudfront.net/user-logo-svg/17945-logo-20211006155743.svg,Estate Agency
204,NOKTA  Emlak ve İnşaat,https://d2vho998xd1yud.cloudfront.net/user-logo-svg/nokta-group.svg,Estate Agency
205,Alper Önel Emlak ve Danışmanlık,https://d2vho998xd1yud.cloudfront.net/user-logo-svg/alper-onel-emlak.svg,Estate Agency
206,OCP CYPRUS,https://d2vho998xd1yud.cloudfront.net/user-logo-svg/13624-logo-20220311101454.svg,Estate Agency
207,ESTA Real Estates,https://d2vho998xd1yud.cloudfront.net/user_logo/agent-logo/esta1.jpg,Estate Agency
208,Calendar Estate,https://d2vho998xd1yud.cloudfront.net/user-logo-svg/7571-logo-20211101150805.svg,Estate Agency
209,Your Choice Properties,https://d2vho998xd1yud.cloudfront.net/user_logo/agent-logo/9629-logo-20190304122332.jpeg,Estate Agency
210,Coast and Country Homes Estate Agency,https://d2vho998xd1yud.cloudfront.net/user-logo-svg/4214-logo-20211108171757.svg,Estate Agency
211,Better Homes & Design by Kerem Özgen,https://d2vho998xd1yud.cloudfront.net/user-logo-svg/better-homes-real-estate.svg,Estate Agency
212,Kargarstate ,https://d2vho998xd1yud.cloudfront.net/user_logo/agent-logo/39842-logo-20220325153031.jpeg,Estate Agency
213,Landmark Estates,https://d2vho998xd1yud.cloudfront.net/user-logo-svg/landmark-estate-agency.svg,Estate Agency
214,HİLARİON REAL ESTATE,https://d2vho998xd1yud.cloudfront.net/user-logo-svg/18404-logo-20211112104921.svg,Estate Agency
215,Kalkan Emlak,https://d2vho998xd1yud.cloudfront.net/user_logo/agent-logo/kalkan.jpeg,Estate Agency
216,Korinia Estate Agency,https://d2vho998xd1yud.cloudfront.net/user-logo-svg/korinia-estate-agency.svg,Estate Agency
217,DREAM HOMES,https://d2vho998xd1yud.cloudfront.net/user-logo-svg/12870-logo-20211011154413.svg,Estate Agency
218,PRIME PRO INVESTMENT,https://d2vho998xd1yud.cloudfront.net/user-logo-svg/17143-logo-20210817160322.svg,Estate Agency
219,KAD Emlak,https://d2vho998xd1yud.cloudfront.net/user-logo-svg/10597-logo-20211011170143.svg,Estate Agency
220,Your Cyprus Properties,https://d2vho998xd1yud.cloudfront.net/user-logo-svg/17947-logo-20211006170454.svg,Estate Agency
221,Cyprosun Estate,https://d2vho998xd1yud.cloudfront.net/user-logo-svg/3356-logo-20211006160439.svg,Estate Agency
222,GY HEDEF EMLAK,https://d2vho998xd1yud.cloudfront.net/user-logo-svg/hedef-estate.svg,Estate Agency
223,EMLAK KONUT,https://d2vho998xd1yud.cloudfront.net/user-logo-svg/27738-logo-20220303101629.jpeg,Estate Agency
224,End Point İnvestment Ltd ,https://d2vho998xd1yud.cloudfront.net/user_logo/agent-logo/39879-logo-20220324133730.jpeg,Estate Agency
225,Emlak Dünyası,https://d2vho998xd1yud.cloudfront.net/user-logo-svg/emlak-dunyasi.svg,Estate Agency
226,Brote Homes,https://d2vho998xd1yud.cloudfront.net/user-logo-svg/15905-logo-20210622170305.svg,Estate Agency
227,Elite Door Properties,https://d2vho998xd1yud.cloudfront.net/user-logo-svg/12285-logo-20211008160637.svg,Estate Agency
228,Century 21 Island,https://d2vho998xd1yud.cloudfront.net/user-logo-svg/9002-logo-20210704104437.svg,Estate Agency
229,ENS ESTATE,https://d2vho998xd1yud.cloudfront.net/user_logo/agent-logo/7817-logo-20220228150727.jpeg,Estate Agency
230,Sun Republic,https://d2vho998xd1yud.cloudfront.net/user-logo-svg/sun-republic.svg,Estate Agency
231,EBRU EMLAK,https://d2vho998xd1yud.cloudfront.net/user_logo/agent-logo/13468-logo-20200826174209.jpeg,Estate Agency
232,T&B Property,https://d2vho998xd1yud.cloudfront.net/user_logo/agent-logo/15177-logo-20210118122321.jpeg,Estate Agency
233,Alpcans Construction,https://d2vho998xd1yud.cloudfront.net/user_logo/agent-logo/20776-logo-20220127000315.jpeg,Estate Agency
234,REAL NORTH HILLS,https://d2vho998xd1yud.cloudfront.net/user_logo/agent-logo/9096-logo-20181024163742.jpeg,Estate Agency
235,Adlan Company Tourism & Investment,https://d2vho998xd1yud.cloudfront.net/user-logo-svg/18015-logo-20211108162230.svg,Estate Agency
236,Piro Emlak,https://d2vho998xd1yud.cloudfront.net/user-logo-svg/piro-emlak.svg,Estate Agency
237,Invest Dom,https://d2vho998xd1yud.cloudfront.net/user-logo-svg/13506-logo-20211109121541.svg,Estate Agency
238,Turgay Ersalıcı Emlak,https://d2vho998xd1yud.cloudfront.net/user-logo-svg/225-logo-20210623142827.svg,Estate Agency
239,Stallion Gayrimenkul Yatırım Danışmanlığı,https://d2vho998xd1yud.cloudfront.net/user-logo-svg/15983-logo-20211011162911.svg,Estate Agency
240,Diray Emlak (Alım - Satım),https://d2vho998xd1yud.cloudfront.net/user-logo-svg/diray-emlak.svg,Estate Agency
241,New Door Real Estate,https://d2vho998xd1yud.cloudfront.net/user_logo/agent-logo/18754-logo-20211226170214.jpeg,Estate Agency
242,"MHM Properties, Investment & Estate",https://d2vho998xd1yud.cloudfront.net/user-logo-svg/mhm-estate.svg,Estate Agency
243,RE/MAX Golden,https://d2vho998xd1yud.cloudfront.net/user-logo-svg/remax-golden.svg,Estate Agency
244,ASG Estates,https://d2vho998xd1yud.cloudfront.net/user_logo/agent-logo/11609-logo-20200120162759.jpeg,Estate Agency
245,Onray Real Estate,https://d2vho998xd1yud.cloudfront.net/user-logo-svg/5264-logo-20211011143549.svg,Estate Agency
246,Premium Realty,https://d2vho998xd1yud.cloudfront.net/user-logo-svg/18590-logo-20211123101316.svg,Estate Agency
247,FLZ Gayrimenkul,,Estate Agency
248,Blue Coast Emlak,https://d2vho998xd1yud.cloudfront.net/user-logo-svg/122-logo-20211111120113.svg,Estate Agency
249,Blue Coast Emlak,none,Estate Agency
